id,name,DK_STATNAM,location,etod_q0car,etod_q25k,etod_qabc,etod_qaff,etod_qdens,etod_qgrav,etod_qrent,etod_qtas,etod_qtci,etod_qwalk,etod_sub1t,etod_sub2o,etod_sub3d,etod_total,etod_type,station_class,created_at,updated_at
1,RESERVOIR,Reservoir Station,,4,2,4,4,4,3,4,3,4,4,11,14,11,36,Transit-Supportive,Subway,2014-03-14 18:40:00.000000,2014-03-14 18:40:00.000000
2,BRAINTREE,Braintree Station Red Line Platform,,1,1,1,2,1,2,2,2,2,3,5,6,6,17,Transit-Adjacent,Town Center,2014-03-15 18:40:00.000000,2014-03-15 18:40:00.000000
3,ASHMONT,Ashmont Station,,3,3,3,3,4,3,3,4,3,2,10,12,9,31,Transit-Supportive,Subway,2014-03-16 18:40:00.000000,2014-03-16 18:40:00.000000
4,ORIENT HEIGHTS,Orient Heigts Station,,3,3,4,3,3,3,3,3,2,3,9,12,9,30,Transit-Related,Subway,2014-03-17 18:40:00.000000,2014-03-17 18:40:00.000000
5,ALEWIFE,Alewife Station Red Line,,3,4,3,3,3,3,4,5,3,3,11,14,9,34,Transit-Supportive,Subway Transformational,2014-03-18 18:40:00.000000,2014-03-18 18:40:00.000000
6,PORTER,Porter Sq,,3,2,4,4,5,4,3,4,4,4,12,12,13,37,Transit-Supportive,Subway,2014-03-19 18:40:00.000000,2014-03-19 18:40:00.000000
7,HARVARD,Harvard Station,,5,5,5,5,4,4,5,5,4,5,14,20,13,47,Transit-Oriented,Core,2014-03-20 18:40:00.000000,2014-03-20 18:40:00.000000
8,CENTRAL,Central Sq,,4,3,4,5,5,5,4,3,4,5,11,16,15,42,Transit-Oriented,Subway,2014-03-21 18:40:00.000000,2014-03-21 18:40:00.000000
9,KENDALL/MIT,Kendall/MIT Station,,4,4,5,5,3,5,5,3,4,4,12,18,12,42,Transit-Oriented,Core,2014-03-22 18:40:00.000000,2014-03-22 18:40:00.000000
10,CHARLES/MGH,Charles/MGH Station,,5,2,5,5,5,5,4,5,5,4,15,16,14,45,Transit-Oriented,Core,2014-03-23 18:40:00.000000,2014-03-23 18:40:00.000000
11,SAVIN HILL,Savin Hill Station,,3,4,3,3,3,3,3,2,3,4,8,13,10,31,Transit-Supportive,Subway,2014-03-24 18:40:00.000000,2014-03-24 18:40:00.000000
12,SHAWMUT,Shawmut Station,,4,4,3,3,4,3,3,3,3,2,9,14,9,32,Transit-Supportive,Subway,2014-03-25 18:40:00.000000,2014-03-25 18:40:00.000000
13,QUINCY ADAMS,Quincy Adams Station,,2,2,2,2,2,2,2,2,2,2,6,8,6,20,Transit-Adjacent,Sub Emp Center,2014-03-26 18:40:00.000000,2014-03-26 18:40:00.000000
14,QUINCY CENTER,Quincy Center Station,,3,4,3,2,3,2,3,3,2,4,8,12,9,29,Transit-Related,Urban Downtown,2014-03-27 18:40:00.000000,2014-03-27 18:40:00.000000
15,WOLLASTON,Wollaston Station,,3,3,3,2,3,2,2,2,2,3,7,10,8,25,Transit-Related,Subway,2014-03-28 18:40:00.000000,2014-03-28 18:40:00.000000
16,NORTH QUINCY,North Quincy Station,,2,2,3,2,3,2,2,2,2,2,7,8,7,22,Transit-Related,Subway,2014-03-29 18:40:00.000000,2014-03-29 18:40:00.000000
17,FIELDS CORNER,Fields Corner Station,,4,5,3,3,4,3,3,3,3,3,9,15,10,34,Transit-Supportive,Subway,2014-03-30 18:40:00.000000,2014-03-30 18:40:00.000000
18,ANDREW,Andrew Sq Station,,4,5,4,5,3,4,4,4,4,4,12,18,11,41,Transit-Oriented,Subway,2014-03-31 18:40:00.000000,2014-03-31 18:40:00.000000
19,BROADWAY,Broadway Station,,4,5,4,5,3,5,3,5,4,2,13,17,10,40,Transit-Supportive,Subway Transformational,2014-04-01 18:40:00.000000,2014-04-01 18:40:00.000000
20,CEDAR GROVE,Cedar Grove,,3,3,2,3,3,2,2,3,3,3,8,11,8,27,Transit-Related,Subway,2014-04-02 18:40:00.000000,2014-04-02 18:40:00.000000
21,CAPEN STREET,Capen St,,2,3,2,2,2,2,2,3,3,1,8,9,5,22,Transit-Related,Trolley,2014-04-03 18:40:00.000000,2014-04-03 18:40:00.000000
22,VALLEY ROAD,Valley Rd,,2,3,2,2,2,2,2,3,3,1,8,9,5,22,Transit-Related,Trolley,2014-04-04 18:40:00.000000,2014-04-04 18:40:00.000000
23,CENTRAL AVENUE,Central Ave,,2,3,2,3,2,2,2,2,3,3,7,10,7,24,Transit-Related,Trolley,2014-04-05 18:40:00.000000,2014-04-05 18:40:00.000000
24,MILTON,Milton Station,,3,3,3,2,2,2,2,3,3,4,9,10,8,27,Transit-Related,Trolley,2014-04-06 18:40:00.000000,2014-04-06 18:40:00.000000
25,BUTLER,Butler Station,,3,4,3,2,2,2,3,3,3,2,9,12,6,27,Transit-Related,Trolley,2014-04-07 18:40:00.000000,2014-04-07 18:40:00.000000
26,MATTAPAN,Mattapan Station,,3,3,2,3,3,2,2,5,3,2,10,11,7,28,Transit-Related,Subway,2014-04-08 18:40:00.000000,2014-04-08 18:40:00.000000
27,JFK/UMASS,JFK/UMASS Ashmont Line Inbound,,4,5,3,4,4,4,4,2,3,3,8,17,11,36,Transit-Supportive,Subway,2014-04-09 18:40:00.000000,2014-04-09 18:40:00.000000
28,WOOD ISLAND,Wood Island Station,,4,3,3,3,3,3,4,2,3,2,8,14,8,30,Transit-Related,Subway,2014-04-10 18:40:00.000000,2014-04-10 18:40:00.000000
29,SUFFOLK DOWNS,Suffolk Downs Station,,3,2,4,2,2,3,2,3,2,1,9,9,6,24,Transit-Related,Subway Transformational,2014-04-11 18:40:00.000000,2014-04-11 18:40:00.000000
30,BEACHMONT,Beachmont Station,,3,3,3,3,3,2,3,2,2,1,7,12,6,25,Transit-Related,Subway,2014-04-12 18:40:00.000000,2014-04-12 18:40:00.000000
31,REVERE BEACH,Revere Beach Station,,3,4,3,3,3,2,4,2,3,1,8,14,6,28,Transit-Related,Subway,2014-04-13 18:40:00.000000,2014-04-13 18:40:00.000000
32,WONDERLAND,Wonderland Station - Blue Line,,3,5,3,3,3,2,3,3,2,2,8,14,7,29,Transit-Related,Subway Transformational,2014-04-14 18:40:00.000000,2014-04-14 18:40:00.000000
33,AIRPORT,Airport Station,,4,3,4,4,4,4,4,3,3,3,10,15,11,36,Transit-Supportive,Other,2014-04-15 18:40:00.000000,2014-04-15 18:40:00.000000
34,MAVERICK,Maverick Station,,5,4,5,5,5,4,5,2,3,3,10,19,12,41,Transit-Oriented,Subway,2014-04-16 18:40:00.000000,2014-04-16 18:40:00.000000
35,AQUARIUM,Aquarium Station,,5,2,5,5,5,5,4,5,5,5,15,16,15,46,Transit-Oriented,Core,2014-04-17 18:40:00.000000,2014-04-17 18:40:00.000000
36,BOWDOIN,Bowdoin Station Blue Line,,5,3,5,5,5,5,4,5,5,5,15,17,15,47,Transit-Oriented,Core,2014-04-18 18:40:00.000000,2014-04-18 18:40:00.000000
37,FOREST HILLS,Forest Hills Orange Line,,3,3,4,3,2,3,3,5,3,2,12,12,7,31,Transit-Supportive,Subway,2014-04-19 18:40:00.000000,2014-04-19 18:40:00.000000
38,GREEN STREET,ZZZGreen St (Orange Line),,3,2,4,3,4,3,2,3,3,3,10,10,10,30,Transit-Related,Subway,2014-04-20 18:40:00.000000,2014-04-20 18:40:00.000000
39,ROXBURY CROSSING,Roxbury Xng,,5,5,5,3,4,4,5,5,5,4,15,18,12,45,Transit-Oriented,Subway,2014-04-21 18:40:00.000000,2014-04-21 18:40:00.000000
40,SULLIVAN SQUARE,Sullivan Station,,4,4,3,4,3,4,3,5,3,4,11,15,11,37,Transit-Supportive,Subway Transformational,2014-04-22 18:40:00.000000,2014-04-22 18:40:00.000000
41,OAK GROVE,Oak Grove Station - Orange Line,,3,3,3,3,3,3,3,2,2,1,7,12,7,26,Transit-Related,Subway,2014-04-23 18:40:00.000000,2014-04-23 18:40:00.000000
42,MALDEN CENTER,Malden Station,,3,3,3,3,4,3,4,3,3,3,9,13,10,32,Transit-Supportive,Urban Downtown,2014-04-24 18:40:00.000000,2014-04-24 18:40:00.000000
43,WELLINGTON,Wellington Station,,2,2,2,2,2,3,3,5,3,2,10,9,7,26,Transit-Related,Subway Transformational,2014-04-25 18:40:00.000000,2014-04-25 18:40:00.000000
44,COMMUNITY COLLEGE,Community College,,2,2,3,5,3,5,2,5,4,3,12,11,11,34,Transit-Supportive,Subway,2014-04-26 18:40:00.000000,2014-04-26 18:40:00.000000
45,TUFTS MEDICAL CENTER,Washington St @ Tufts Med Ctr,,5,5,5,5,5,5,4,5,5,5,15,19,15,49,Transit-Oriented,Core,2014-04-27 18:40:00.000000,2014-04-27 18:40:00.000000
46,BACK BAY,Back Bay Station,,4,3,5,5,5,5,3,5,5,5,15,15,15,45,Transit-Oriented,Core,2014-04-28 18:40:00.000000,2014-04-28 18:40:00.000000
47,MASSACHUSETTS AVE,Massachusetts Ave Station,,5,5,5,5,5,5,5,5,5,5,15,20,15,50,Transit-Oriented,Core,2014-04-29 18:40:00.000000,2014-04-29 18:40:00.000000
48,RUGGLES,Ruggles Station,,5,5,5,4,4,5,5,5,5,4,15,19,13,47,Transit-Oriented,Core,2014-04-30 18:40:00.000000,2014-04-30 18:40:00.000000
49,JACKSON SQUARE,Jackson Sq,,4,5,4,3,4,4,4,3,5,2,12,16,10,38,Transit-Supportive,Subway,2014-05-01 18:40:00.000000,2014-05-01 18:40:00.000000
50,STONY BROOK,Stoneybrook,,3,4,4,3,4,4,4,3,4,2,11,14,10,35,Transit-Supportive,Subway,2014-05-02 18:40:00.000000,2014-05-02 18:40:00.000000
51,RIVERSIDE,Riverside Station,,2,1,3,2,1,2,2,4,2,1,9,7,4,20,Transit-Adjacent,Trolley,2014-05-03 18:40:00.000000,2014-05-03 18:40:00.000000
52,WOODLAND,Woodland Station,,2,1,2,2,1,2,2,3,2,1,7,7,4,18,Transit-Adjacent,Trolley,2014-05-04 18:40:00.000000,2014-05-04 18:40:00.000000
53,WABAN,Waban Station,,2,1,1,2,1,2,1,3,2,2,6,6,5,17,Transit-Adjacent,Trolley,2014-05-05 18:40:00.000000,2014-05-05 18:40:00.000000
54,ELIOT,Eliot Station,,1,1,2,2,2,3,1,3,2,2,7,5,7,19,Transit-Adjacent,Trolley,2014-05-06 18:40:00.000000,2014-05-06 18:40:00.000000
55,NEWTON HIGHLANDS,Newton Highlands Station,,1,1,2,2,2,3,1,2,2,2,6,5,7,18,Transit-Adjacent,Trolley,2014-05-07 18:40:00.000000,2014-05-07 18:40:00.000000
56,NEWTON CENTRE,Newton Centre Station,,1,1,2,2,2,3,1,2,2,3,6,5,8,19,Transit-Adjacent,Trolley,2014-05-08 18:40:00.000000,2014-05-08 18:40:00.000000
57,CHESTNUT HILL,Chestnut Hill Station,,1,1,4,2,1,3,1,3,3,3,10,5,7,22,Transit-Related,Trolley,2014-05-09 18:40:00.000000,2014-05-09 18:40:00.000000
58,BEACONSFIELD,Beaconsfield Station,,3,2,4,4,4,3,3,3,4,4,11,12,11,34,Transit-Supportive,Subway,2014-05-10 18:40:00.000000,2014-05-10 18:40:00.000000
59,BROOKLINE HILLS,Brookline Hills Station,,2,1,3,3,3,4,2,3,4,3,10,8,10,28,Transit-Related,Subway,2014-05-11 18:40:00.000000,2014-05-11 18:40:00.000000
60,BROOKLINE VILLAGE,Brookline Village Station,,4,3,4,4,4,4,3,3,4,5,11,14,13,38,Transit-Supportive,Subway,2014-05-12 18:40:00.000000,2014-05-12 18:40:00.000000
61,LONGWOOD,Longwood Station,,4,4,5,4,4,4,3,4,5,4,14,15,12,41,Transit-Oriented,Core,2014-05-13 18:40:00.000000,2014-05-13 18:40:00.000000
62,FENWAY PARK,Fenway Station,,5,5,5,5,4,5,5,4,5,5,14,20,14,48,Transit-Oriented,Core,2014-05-14 18:40:00.000000,2014-05-14 18:40:00.000000
63,KENMORE,Kenmore Station,,5,5,5,5,5,5,5,4,5,4,14,20,14,48,Transit-Oriented,Core,2014-05-15 18:40:00.000000,2014-05-15 18:40:00.000000
64,HYNES CONVENTION CTR/ICA,Hynes Station,,5,4,5,5,5,5,5,5,5,5,15,19,15,49,Transit-Oriented,Core,2014-05-16 18:40:00.000000,2014-05-16 18:40:00.000000
65,ARLINGTON,Arlington Station,,5,3,5,5,5,5,3,5,5,5,15,16,15,46,Transit-Oriented,Core,2014-05-17 18:40:00.000000,2014-05-17 18:40:00.000000
66,COPLEY,Copley Station,,4,2,5,5,5,5,3,5,5,5,15,14,15,44,Transit-Oriented,Core,2014-05-18 18:40:00.000000,2014-05-18 18:40:00.000000
67,SCIENCE PARK,Science Park,,5,3,5,5,5,5,4,5,4,4,14,17,14,45,Transit-Oriented,Core,2014-05-19 18:40:00.000000,2014-05-19 18:40:00.000000
68,LECHMERE,Lechmere,,3,3,4,5,3,5,3,4,4,5,12,14,13,39,Transit-Supportive,Subway Transformational,2014-05-20 18:40:00.000000,2014-05-20 18:40:00.000000
69,BOYLSTON,Tremont St opp Avery St,,5,4,5,5,5,5,4,5,5,5,15,18,15,48,Transit-Oriented,Core,2014-05-21 18:40:00.000000,2014-05-21 18:40:00.000000
70,CHINATOWN,Washington St @ Essex St SL5,,5,5,5,5,4,5,4,5,5,5,15,19,14,48,Transit-Oriented,Core,2014-05-22 18:40:00.000000,2014-05-22 18:40:00.000000
71,HAYMARKET,Haymarket,,5,2,5,5,5,5,4,5,4,5,14,16,15,45,Transit-Oriented,Core,2014-05-23 18:40:00.000000,2014-05-23 18:40:00.000000
72,NORTH STATION,North Station,,5,2,5,5,5,5,5,5,4,5,14,17,15,46,Transit-Oriented,Core,2014-05-24 18:40:00.000000,2014-05-24 18:40:00.000000
73,PARK STREET,Park St Station,,5,4,5,5,5,5,4,5,5,5,15,18,15,48,Transit-Oriented,Core,2014-05-25 18:40:00.000000,2014-05-25 18:40:00.000000
74,DOWNTOWN CROSSING,Downtown Crossing,,5,4,5,5,5,5,4,5,5,5,15,18,15,48,Transit-Oriented,Core,2014-05-26 18:40:00.000000,2014-05-26 18:40:00.000000
75,SYMPHONY,Symphony Station,,5,5,5,5,5,5,5,5,5,5,15,20,15,50,Transit-Oriented,Core,2014-05-27 18:40:00.000000,2014-05-27 18:40:00.000000
76,PRUDENTIAL,Prudential Station,,5,4,5,5,5,5,4,5,5,5,15,18,15,48,Transit-Oriented,Core,2014-05-28 18:40:00.000000,2014-05-28 18:40:00.000000
77,NORTHEASTERN,Northeastern,,5,5,5,5,5,5,5,5,5,4,15,20,14,49,Transit-Oriented,Core,2014-05-29 18:40:00.000000,2014-05-29 18:40:00.000000
78,MUSEUM OF FINE ARTS,Museum of Fine Arts,,5,5,5,5,4,5,5,5,5,4,15,20,13,48,Transit-Oriented,Core,2014-05-30 18:40:00.000000,2014-05-30 18:40:00.000000
79,LONGWOOD MEDICAL AREA,Longwood Med Area,,5,5,5,4,4,4,5,4,5,5,14,19,13,46,Transit-Oriented,Core,2014-05-31 18:40:00.000000,2014-05-31 18:40:00.000000
80,MISSION PARK,Fenwood Rd,,5,5,5,4,4,4,5,4,5,4,14,19,12,45,Transit-Oriented,Core,2014-06-01 18:40:00.000000,2014-06-01 18:40:00.000000
81,RIVERWAY,Riverway,,4,4,4,4,4,4,4,4,5,4,13,16,12,41,Transit-Oriented,Subway,2014-06-02 18:40:00.000000,2014-06-02 18:40:00.000000
82,BACK OF THE HILL,Back of Hill,,4,4,4,4,4,4,4,4,4,3,12,16,11,39,Transit-Supportive,Subway,2014-06-03 18:40:00.000000,2014-06-03 18:40:00.000000
83,SAINT PAUL STREET (C),Saint Paul St/Beacon,,3,3,4,4,5,4,3,4,5,5,13,13,14,40,Transit-Supportive,Subway,2014-06-04 18:40:00.000000,2014-06-04 18:40:00.000000
84,KENT STREET,Kent St,,4,3,4,4,4,4,3,4,5,4,13,14,12,39,Transit-Supportive,Subway,2014-06-05 18:40:00.000000,2014-06-05 18:40:00.000000
85,SAINT MARYS STREET,Saint Mary St,,5,4,5,4,4,5,5,4,5,5,14,18,14,46,Transit-Oriented,Subway,2014-06-06 18:40:00.000000,2014-06-06 18:40:00.000000
86,HAWES STREET,Hawes St,,4,4,5,4,4,4,4,4,5,5,14,16,13,43,Transit-Oriented,Subway,2014-06-07 18:40:00.000000,2014-06-07 18:40:00.000000
87,ENGLEWOOD AVENUE,Englewood Ave,,4,3,4,5,5,3,4,3,4,5,11,16,13,40,Transit-Supportive,Subway,2014-06-08 18:40:00.000000,2014-06-08 18:40:00.000000
88,DEAN ROAD,Dean Rd,,4,3,4,4,5,3,3,3,4,4,11,14,12,37,Transit-Supportive,Subway,2014-06-09 18:40:00.000000,2014-06-09 18:40:00.000000
89,FAIRBANKS STREET,Fairbanks St,,3,2,4,4,5,4,3,3,4,4,11,12,13,36,Transit-Supportive,Subway,2014-06-10 18:40:00.000000,2014-06-10 18:40:00.000000
90,WASHINGTON SQUARE,Washington Sq,,4,3,4,4,5,4,3,4,4,5,12,14,14,40,Transit-Supportive,Subway,2014-06-11 18:40:00.000000,2014-06-11 18:40:00.000000
91,BRANDON HALL,Brandon Hall,,3,2,4,4,5,4,3,3,4,4,11,12,13,36,Transit-Supportive,Subway,2014-06-12 18:40:00.000000,2014-06-12 18:40:00.000000
92,SUMMIT AVE/WINCHESTER ST,Summit Ave,,3,2,4,4,5,4,3,3,4,5,11,12,14,37,Transit-Supportive,Subway,2014-06-13 18:40:00.000000,2014-06-13 18:40:00.000000
93,COOLIDGE CORNER,Coolidge Corner,,3,3,4,4,5,4,3,3,4,5,11,13,14,38,Transit-Supportive,Subway,2014-06-14 18:40:00.000000,2014-06-14 18:40:00.000000
94,TAPPAN STREET,Tappan St,,4,3,4,4,5,4,3,3,4,5,11,14,14,39,Transit-Supportive,Subway,2014-06-15 18:40:00.000000,2014-06-15 18:40:00.000000
95,BOSTON COLLEGE,Boston College Station,,2,2,3,3,2,3,2,3,3,1,9,9,6,24,Transit-Related,subway,2014-06-16 18:40:00.000000,2014-06-16 18:40:00.000000
96,SOUTH STREET,South St,,4,3,3,4,4,3,5,3,4,2,10,16,9,35,Transit-Supportive,Subway,2014-06-17 18:40:00.000000,2014-06-17 18:40:00.000000
97,CHESTNUT HILL AVENUE,Chestnut Hill Ave,,4,3,4,5,5,3,4,3,4,3,11,16,11,38,Transit-Supportive,Subway,2014-06-18 18:40:00.000000,2014-06-18 18:40:00.000000
98,CHISWICK ROAD,Chiswick Rd,,4,4,4,5,5,3,5,3,4,3,11,18,11,40,Transit-Supportive,Subway,2014-06-19 18:40:00.000000,2014-06-19 18:40:00.000000
99,SUTHERLAND ROAD,Sutherland Rd,,4,4,4,5,5,3,4,3,4,4,11,17,12,40,Transit-Supportive,Subway,2014-06-20 18:40:00.000000,2014-06-20 18:40:00.000000
100,WASHINGTON STREET,Washington St,,4,4,4,5,5,4,5,3,4,4,11,18,13,42,Transit-Oriented,Subway,2014-06-21 18:40:00.000000,2014-06-21 18:40:00.000000
101,WARREN STREET,Warren St,,5,4,4,5,5,4,5,3,4,2,11,19,11,41,Transit-Oriented,Subway,2014-06-22 18:40:00.000000,2014-06-22 18:40:00.000000
102,ALLSTON STREET,Allston St,,5,4,4,5,5,4,5,4,4,3,12,19,12,43,Transit-Oriented,Subway,2014-06-23 18:40:00.000000,2014-06-23 18:40:00.000000
103,GRIGGS STREET,Griggs St,,5,4,4,5,5,4,5,4,4,4,12,19,13,44,Transit-Oriented,Subway,2014-06-24 18:40:00.000000,2014-06-24 18:40:00.000000
104,HARVARD AVENUE,Harvard Ave,,4,4,4,4,5,4,5,4,4,4,12,17,13,42,Transit-Oriented,Subway,2014-06-25 18:40:00.000000,2014-06-25 18:40:00.000000
105,PACKARDS CORNER,Packards Corner,,5,4,5,4,5,4,5,4,4,4,13,18,13,44,Transit-Oriented,Subway,2014-06-26 18:40:00.000000,2014-06-26 18:40:00.000000
106,BABCOCK STREET,Babcock St,,4,4,4,4,4,4,5,4,4,5,12,17,13,42,Transit-Oriented,Subway,2014-06-27 18:40:00.000000,2014-06-27 18:40:00.000000
107,PLEASANT STREET,Pleasant St,,4,4,4,4,4,4,4,4,4,5,12,16,13,41,Transit-Oriented,Subway,2014-06-28 18:40:00.000000,2014-06-28 18:40:00.000000
108,SAINT PAUL STREET (B),Saint Paul St/Commonwealth,,3,3,4,4,3,4,4,4,4,4,12,14,11,37,Transit-Supportive,Subway,2014-06-29 18:40:00.000000,2014-06-29 18:40:00.000000
109,BOSTON UNIVERSITY WEST,Boston Univ West,,3,3,4,4,3,4,4,4,5,4,13,14,11,38,Transit-Supportive,Subway,2014-06-30 18:40:00.000000,2014-06-30 18:40:00.000000
110,BOSTON UNIVERSITY CENTRAL,Boston Univ Central,,4,4,5,4,3,5,5,4,5,5,14,17,13,44,Transit-Oriented,Core,2014-07-01 18:40:00.000000,2014-07-01 18:40:00.000000
111,BOSTON UNIVERSITY EAST,Boston Univ East,,5,4,5,5,4,5,5,4,5,4,14,19,13,46,Transit-Oriented,Core,2014-07-02 18:40:00.000000,2014-07-02 18:40:00.000000
112,BLANDFORD STREET,Blandford St,,5,5,5,5,5,5,5,4,5,4,14,20,14,48,Transit-Oriented,Core,2014-07-03 18:40:00.000000,2014-07-03 18:40:00.000000
113,BRIGHAM CIRCLE,Brigham Circle,,5,5,5,4,4,4,5,4,5,5,14,19,13,46,Transit-Oriented,Core,2014-07-04 18:40:00.000000,2014-07-04 18:40:00.000000
114,FENWOOD ROAD,Fenwood Rd,,5,5,5,4,4,4,5,4,5,4,14,19,12,45,Transit-Oriented,Core,2014-07-05 18:40:00.000000,2014-07-05 18:40:00.000000
115,DAVIS,Davis Sq,,3,2,4,4,4,4,3,4,3,5,11,12,13,36,Transit-Supportive,Subway,2014-07-06 18:40:00.000000,2014-07-06 18:40:00.000000
116,STATE,State St Station,,5,3,5,5,5,5,4,5,5,5,15,17,15,47,Transit-Oriented,Core,2014-07-07 18:40:00.000000,2014-07-07 18:40:00.000000
117,GOVERNMENT CENTER,Government Ctr Station,,0,0,0,0,0,0,0,0,0,0,0,0,0,0,,Core,2014-07-08 18:40:00.000000,2014-07-08 18:40:00.000000
118,HEATH STREET,150 S Huntington Ave,,4,4,4,4,4,4,4,4,4,2,12,16,10,38,Transit-Supportive,Subway,2014-07-09 18:40:00.000000,2014-07-09 18:40:00.000000
119,SOUTH STATION,South Station Red Line,,5,5,5,5,4,5,4,5,5,5,15,19,14,48,Transit-Oriented,Core,2014-07-10 18:40:00.000000,2014-07-10 18:40:00.000000
120,CLEVELAND CIRCLE,Cleveland Circle Platform,,4,3,4,4,5,3,4,3,4,3,11,15,11,37,Transit-Supportive,Subway,2014-07-11 18:40:00.000000,2014-07-11 18:40:00.000000
121,AIRPORT TERMINAL B 2,Terminal B Stop 2,,0,0,0,0,0,0,0,0,0,0,0,0,0,0,,Other,2014-07-12 18:40:00.000000,2014-07-12 18:40:00.000000
122,DRY DOCK AVE @ DESIGN CENTER PL,Dry Dock Ave @ Design Center Place,,3,2,3,4,1,4,5,4,4,2,11,14,7,32,Transit-Supportive,Seaport,2014-07-13 18:40:00.000000,2014-07-13 18:40:00.000000
123,LENOX ST,Washington St @ Lenox St,,5,5,4,5,5,5,5,5,5,4,14,20,14,48,Transit-Oriented,Subway Transformational,2014-07-14 18:40:00.000000,2014-07-14 18:40:00.000000
124,MASSACHUSETTS AVE,Washington St @ Massachusetts Ave,,5,5,5,5,5,5,4,4,5,5,14,19,15,48,Transit-Oriented,Core,2014-07-15 18:40:00.000000,2014-07-15 18:40:00.000000
125,NEWTON ST,Washington St @ E Newton St,,5,4,5,5,5,5,3,4,5,5,14,17,15,46,Transit-Oriented,Core,2014-07-16 18:40:00.000000,2014-07-16 18:40:00.000000
126,UNION PARK ST,Washington St @ Union Pk,,4,4,4,5,5,5,3,4,5,4,13,16,14,43,Transit-Oriented,Core,2014-07-17 18:40:00.000000,2014-07-17 18:40:00.000000
127,E. BERKELEY ST,Washington St @ E Berkeley St,,5,4,5,5,5,5,3,4,5,4,14,17,14,45,Transit-Oriented,Core,2014-07-18 18:40:00.000000,2014-07-18 18:40:00.000000
128,HERALD ST,Washington St @ Herald St,,5,4,5,5,5,5,3,5,5,5,15,17,15,47,Transit-Oriented,Core,2014-07-19 18:40:00.000000,2014-07-19 18:40:00.000000
129,WORCESTER SQUARE,Washington St @ Worcester St,,5,5,5,5,5,5,4,4,5,4,14,19,14,47,Transit-Oriented,Core,2014-07-20 18:40:00.000000,2014-07-20 18:40:00.000000
130,MELNEA CASS BLVD,Washington St @ Melnea Cass Blvd,,5,5,4,4,4,5,5,5,5,4,14,19,13,46,Transit-Oriented,Subway Transformational,2014-07-21 18:40:00.000000,2014-07-21 18:40:00.000000
131,NORTHERN AVE @ TIDE ST,Northern Ave @ Tide St,,3,2,3,4,1,4,5,4,4,2,11,14,7,32,Transit-Supportive,Seaport,2014-07-22 18:40:00.000000,2014-07-22 18:40:00.000000
132,NORTHERN AVE @ HARBOR ST,Northern Ave @ Harbor St,,3,2,3,4,1,5,5,4,4,3,11,14,9,34,Transit-Supportive,Seaport,2014-07-23 18:40:00.000000,2014-07-23 18:40:00.000000
133,AIRPORT TERMINAL B 1,Terminal B Stop 1,,0,0,0,0,0,0,0,0,0,0,0,0,0,0,,Other,2014-07-24 18:40:00.000000,2014-07-24 18:40:00.000000
134,AIRPORT TERMINAL A,Terminal A,,0,0,0,0,0,0,0,0,0,0,0,0,0,0,,Other,2014-07-25 18:40:00.000000,2014-07-25 18:40:00.000000
135,AIRPORT TERMINAL CD,Terminal C,,0,0,0,0,0,0,0,0,0,0,0,0,0,0,,Other,2014-07-26 18:40:00.000000,2014-07-26 18:40:00.000000
136,AIRPORT TERMINAL E,Terminal E,,0,0,0,0,0,0,0,0,0,0,0,0,0,0,,Other,2014-07-27 18:40:00.000000,2014-07-27 18:40:00.000000
137,SILVER LINE WAY,Silver Line Way,,3,2,4,4,1,5,5,4,4,2,12,14,8,34,Transit-Supportive,Seaport,2014-07-28 18:40:00.000000,2014-07-28 18:40:00.000000
138,WORLD TRADE CENTER,World Trade Center Station,,3,2,4,4,2,5,3,5,4,3,13,12,10,35,Transit-Supportive,Seaport,2014-07-29 18:40:00.000000,2014-07-29 18:40:00.000000
139,COURTHOUSE,Court House Station,,4,3,4,5,2,5,2,5,4,4,13,14,11,38,Transit-Supportive,Seaport,2014-07-30 18:40:00.000000,2014-07-30 18:40:00.000000
140,SUMMER ST @ POWERHOUSE ST,Black Falcon Ave @ Design Center Place,,3,2,3,4,2,4,5,4,4,2,11,14,8,33,Transit-Supportive,Seaport,2014-07-31 18:40:00.000000,2014-07-31 18:40:00.000000
141,E FIRST ST @ M ST,Black Falcon Ave @ Design Center Place,,3,2,3,4,2,4,5,4,4,2,11,14,8,33,Transit-Supportive,Seaport,2014-08-01 18:40:00.000000,2014-08-01 18:40:00.000000
142,CITY POINT BUS TERMINAL,Black Falcon Ave @ Design Center Place,,3,2,3,4,2,4,5,4,4,2,11,14,8,33,Transit-Supportive,Seaport,2014-08-02 18:40:00.000000,2014-08-02 18:40:00.000000
143,88 BLACK FALCON,88 Black Falcon,,3,2,3,3,1,4,3,4,3,1,10,11,6,27,Transit-Related,Seaport,2014-08-03 18:40:00.000000,2014-08-03 18:40:00.000000
144,21 DRY DOCK AVE,21 Dry Dock Ave,,3,2,3,3,1,4,5,4,3,2,10,13,7,30,Transit-Related,Seaport,2014-08-04 18:40:00.000000,2014-08-04 18:40:00.000000
145,25 DRY DOCK AVE,21 Dry Dock Ave,,3,2,3,3,1,4,5,4,3,2,10,13,7,30,Transit-Related,Seaport,2014-08-05 18:40:00.000000,2014-08-05 18:40:00.000000
146,BLACK FALCON @ DESIGN CENTER,Black Falcon Ave @ Design Center Place,,3,2,3,4,2,4,5,4,4,2,11,14,8,33,Transit-Supportive,Seaport,2014-08-06 18:40:00.000000,2014-08-06 18:40:00.000000
147,DRY DOCK AVE @ HARBOR ST,Dry Dock Ave @ Design Center Place,,3,2,3,4,1,4,5,4,4,2,11,14,7,32,Transit-Supportive,Seaport,2014-08-07 18:40:00.000000,2014-08-07 18:40:00.000000
148,DUDLEY SQUARE,Dudley Station,,5,5,4,3,4,4,5,5,5,3,14,18,11,43,Transit-Oriented,Subway Transformational,2014-08-08 18:40:00.000000,2014-08-08 18:40:00.000000
149,RIVER WORKS,River Works,,1,3,1,2,2,2,2,2,2,1,5,8,5,18,Transit-Adjacent,Sub Emp Center,2014-08-09 18:40:00.000000,2014-08-09 18:40:00.000000
150,ASHLAND,Ashland,,1,2,1,1,1,1,1,1,1,1,3,5,3,11,Transit-Adjacent,Other,2014-08-10 18:40:00.000000,2014-08-10 18:40:00.000000
151,SOUTHBOROUGH,Southborough,,1,1,1,1,1,1,1,1,1,1,3,4,3,10,Transit-Adjacent,Undeveloped,2014-08-11 18:40:00.000000,2014-08-11 18:40:00.000000
152,WESTBOROUGH,Westborough,,1,1,1,1,1,1,2,1,1,1,3,5,3,11,Transit-Adjacent,Other,2014-08-12 18:40:00.000000,2014-08-12 18:40:00.000000
153,IPSWICH,Ipswich,,2,3,2,1,2,1,2,1,1,3,4,8,6,18,Transit-Adjacent,Town Center,2014-08-13 18:40:00.000000,2014-08-13 18:40:00.000000
154,ROCKPORT,Rockport,,2,3,2,1,2,1,2,1,1,3,4,8,6,18,Transit-Adjacent,Town Center,2014-08-14 18:40:00.000000,2014-08-14 18:40:00.000000
155,WEST GLOUCESTER,West Gloucester,,1,2,1,1,1,1,1,1,1,1,3,5,3,11,Transit-Adjacent,Undeveloped,2014-08-15 18:40:00.000000,2014-08-15 18:40:00.000000
156,MONTSERRAT,Montserrat,,1,3,1,2,2,1,1,1,1,1,3,7,4,14,Transit-Adjacent,Sub Emp Center,2014-08-16 18:40:00.000000,2014-08-16 18:40:00.000000
157,PRIDES CROSSING,Prides Crossing,,2,1,2,1,1,1,1,1,1,1,4,5,3,12,Transit-Adjacent,Undeveloped,2014-08-17 18:40:00.000000,2014-08-17 18:40:00.000000
158,BEVERLY FARMS,Beverly Farms,,2,1,2,1,1,1,1,1,1,2,4,5,4,13,Transit-Adjacent,Town Center,2014-08-18 18:40:00.000000,2014-08-18 18:40:00.000000
159,MANCHESTER,Manchester,,1,1,2,1,1,1,2,1,1,4,4,5,6,15,Transit-Adjacent,Town Center,2014-08-19 18:40:00.000000,2014-08-19 18:40:00.000000
160,HYDE PARK,Hyde Park,,3,5,2,2,3,2,2,2,2,4,6,12,9,27,Transit-Related,Town Center,2014-08-20 18:40:00.000000,2014-08-20 18:40:00.000000
161,HALIFAX,Halifax,,1,1,1,1,1,1,1,1,1,1,3,4,3,10,Transit-Adjacent,Undeveloped,2014-08-21 18:40:00.000000,2014-08-21 18:40:00.000000
162,SOUTH WEYMOUTH,South Weymouth,,1,1,1,1,1,1,1,1,1,1,3,4,3,10,Transit-Adjacent,Other,2014-08-22 18:40:00.000000,2014-08-22 18:40:00.000000
163,WHITMAN,Whitman,,1,3,1,1,1,1,2,1,1,1,3,7,3,13,Transit-Adjacent,Town Center,2014-08-23 18:40:00.000000,2014-08-23 18:40:00.000000
164,KINGSTON,Kingston,,1,1,1,1,1,1,1,1,1,1,3,4,3,10,Transit-Adjacent,Other,2014-08-24 18:40:00.000000,2014-08-24 18:40:00.000000
165,STOUGHTON,Stoughton,,2,3,1,1,2,1,2,1,1,4,3,8,7,18,Transit-Adjacent,Town Center,2014-08-25 18:40:00.000000,2014-08-25 18:40:00.000000
166,FRAMINGHAM,Framingham,,2,3,1,2,2,2,5,1,1,4,3,12,8,23,Transit-Related,Urban Downtown,2014-08-26 18:40:00.000000,2014-08-26 18:40:00.000000
167,WELLESLEY FARMS,Wellesley Farms,,1,1,2,1,1,2,1,1,2,1,5,4,4,13,Transit-Adjacent,Undeveloped,2014-08-27 18:40:00.000000,2014-08-27 18:40:00.000000
168,AUBURNDALE,Auburndale,,2,2,2,2,2,2,1,2,2,2,6,7,6,19,Transit-Adjacent,Town Center,2014-08-28 18:40:00.000000,2014-08-28 18:40:00.000000
169,NEWTONVILLE,Newtonville,,1,1,2,2,2,3,2,2,2,2,6,6,7,19,Transit-Adjacent,Town Center,2014-08-29 18:40:00.000000,2014-08-29 18:40:00.000000
170,WEST NEWTON,West Newton,,1,1,2,2,2,2,1,2,2,4,6,5,8,19,Transit-Adjacent,Town Center,2014-08-30 18:40:00.000000,2014-08-30 18:40:00.000000
171,WELLESLEY HILLS,Wellesley Hills,,1,1,2,1,1,2,1,1,1,3,4,4,6,14,Transit-Adjacent,Town Center,2014-08-31 18:40:00.000000,2014-08-31 18:40:00.000000
172,YAWKEY,Boston Univ East,,5,4,5,5,4,5,5,4,5,4,14,19,13,46,Transit-Oriented,Core,2014-09-01 18:40:00.000000,2014-09-01 18:40:00.000000
173,WEST NATICK,West Natick,,1,1,1,2,2,2,2,1,1,1,3,6,5,14,Transit-Adjacent,Town Center,2014-09-02 18:40:00.000000,2014-09-02 18:40:00.000000
174,WELLESLEY SQUARE,Wellesley Square,,1,2,3,1,2,1,2,1,1,4,5,6,7,18,Transit-Adjacent,Town Center,2014-09-03 18:40:00.000000,2014-09-03 18:40:00.000000
175,MELROSE/HIGHLANDS,Melrose Highlands,,2,3,2,2,2,2,1,2,2,2,6,8,6,20,Transit-Adjacent,Town Center,2014-09-04 18:40:00.000000,2014-09-04 18:40:00.000000
176,MELROSE/CEDAR PARK,Melrose Cedar Park,,2,3,2,2,3,2,2,2,2,4,6,9,9,24,Transit-Related,Town Center,2014-09-05 18:40:00.000000,2014-09-05 18:40:00.000000
177,WAKEFIELD,Wakefield,,1,1,1,2,2,2,2,1,2,4,4,6,8,18,Transit-Adjacent,Town Center,2014-09-06 18:40:00.000000,2014-09-06 18:40:00.000000
178,READING,Reading,,2,2,1,1,2,2,1,2,1,3,4,6,7,17,Transit-Adjacent,Town Center,2014-09-07 18:40:00.000000,2014-09-07 18:40:00.000000
179,NORTH SCITUATE,North Scituate,,1,1,1,1,1,1,1,1,1,1,3,4,3,10,Transit-Adjacent,Town Center,2014-09-08 18:40:00.000000,2014-09-08 18:40:00.000000
180,NANTASKET JUNCTION,Nantasket Junction,,1,1,1,1,1,1,1,1,1,1,3,4,3,10,Transit-Adjacent,Undeveloped,2014-09-09 18:40:00.000000,2014-09-09 18:40:00.000000
181,GREENBUSH,Greenbush,,2,1,1,1,1,1,1,1,1,1,3,5,3,11,Transit-Adjacent,Undeveloped,2014-09-10 18:40:00.000000,2014-09-10 18:40:00.000000
182,BRADFORD,Bradford,,2,4,1,2,3,1,3,1,1,2,3,11,6,20,Transit-Adjacent,Urban Downtown,2014-09-11 18:40:00.000000,2014-09-11 18:40:00.000000
183,LAWRENCE,Lawrence,,3,5,1,2,2,2,4,2,1,3,4,14,7,25,Transit-Related,Urban Downtown,2014-09-12 18:40:00.000000,2014-09-12 18:40:00.000000
184,WINCHESTER CENTER,Winchester Center,,1,2,2,2,2,2,1,2,2,4,6,6,8,20,Transit-Adjacent,Town Center,2014-09-13 18:40:00.000000,2014-09-13 18:40:00.000000
185,WEST MEDFORD,West Medford,,2,2,2,3,3,3,1,2,2,2,6,8,8,22,Transit-Related,Town Center,2014-09-14 18:40:00.000000,2014-09-14 18:40:00.000000
186,NORTH BILLERICA,North Billerica,,1,1,1,1,1,1,1,1,1,1,3,4,3,10,Transit-Adjacent,Other,2014-09-15 18:40:00.000000,2014-09-15 18:40:00.000000
187,WILMINGTON,Wilmington,,1,1,1,1,1,1,1,1,1,1,3,4,3,10,Transit-Adjacent,Town Center,2014-09-16 18:40:00.000000,2014-09-16 18:40:00.000000
188,FRANKLIN/DEAN COLL,Franklin,,2,3,1,1,2,1,2,1,1,3,3,8,6,17,Transit-Adjacent,Town Center,2014-09-17 18:40:00.000000,2014-09-17 18:40:00.000000
189,NORFOLK,Norfolk,,1,1,1,1,1,1,1,1,1,1,3,4,3,10,Transit-Adjacent,Town Center,2014-09-18 18:40:00.000000,2014-09-18 18:40:00.000000
190,PLIMPTONVILLE,Plimptonville,,1,1,1,1,1,1,1,1,2,1,4,4,3,11,Transit-Adjacent,Undeveloped,2014-09-19 18:40:00.000000,2014-09-19 18:40:00.000000
191,WINDSOR GARDENS,Windsor Gardens,,2,1,2,2,2,1,4,2,2,1,6,9,4,19,Transit-Adjacent,Other,2014-09-20 18:40:00.000000,2014-09-20 18:40:00.000000
192,MORTON STREET,Morton Street,,4,5,3,3,3,3,3,3,3,2,9,15,8,32,Transit-Supportive,Subway,2014-09-21 18:40:00.000000,2014-09-21 18:40:00.000000
193,UPHAMS CORNER,Uphams Corner,,4,5,3,3,4,4,4,3,4,3,10,16,11,37,Transit-Supportive,Subway,2014-09-22 18:40:00.000000,2014-09-22 18:40:00.000000
194,FAIRMOUNT,Fairmount,,3,4,2,2,3,2,2,2,2,4,6,11,9,26,Transit-Related,Town Center,2014-09-23 18:40:00.000000,2014-09-23 18:40:00.000000
195,ENDICOTT,Endicott,,1,1,2,2,2,2,1,1,2,1,5,5,5,15,Transit-Adjacent,Other,2014-09-24 18:40:00.000000,2014-09-24 18:40:00.000000
196,DEDHAM CORP CTR,Dedham Corp Center,,1,2,2,1,1,2,3,2,2,2,6,7,5,18,Transit-Adjacent,Sub Emp Center,2014-09-25 18:40:00.000000,2014-09-25 18:40:00.000000
197,ANDOVER,Andover,,2,2,1,1,2,1,2,1,1,3,3,7,6,16,Transit-Adjacent,Town Center,2014-09-26 18:40:00.000000,2014-09-26 18:40:00.000000
198,BALLARDVALE,Ballardvale,,1,1,1,1,1,1,1,1,1,1,3,4,3,10,Transit-Adjacent,Undeveloped,2014-09-27 18:40:00.000000,2014-09-27 18:40:00.000000
199,FORGE PARK/495,Forge Park / 495,,1,1,1,1,1,1,1,1,1,2,3,4,4,11,Transit-Adjacent,Sub Emp Center,2014-09-28 18:40:00.000000,2014-09-28 18:40:00.000000
200,GLOUCESTER,Gloucester,,3,5,1,2,3,1,3,1,1,4,3,13,8,24,Transit-Related,Urban Downtown,2014-09-29 18:40:00.000000,2014-09-29 18:40:00.000000
201,HAVERHILL,Haverhill,,3,5,1,2,3,1,4,1,1,3,3,14,7,24,Transit-Related,Urban Downtown,2014-09-30 18:40:00.000000,2014-09-30 18:40:00.000000
202,LYNN/CENTRAL SQUARE,Lynn,,5,5,2,3,4,2,5,2,2,4,6,18,10,34,Transit-Supportive,Urban Downtown,2014-10-01 18:40:00.000000,2014-10-01 18:40:00.000000
203,WYOMING HILL,Wyoming Hill,,2,3,2,2,3,2,2,2,2,3,6,9,8,23,Transit-Related,Town Center,2014-10-02 18:40:00.000000,2014-10-02 18:40:00.000000
204,NATICK,Natick,,2,1,1,1,2,1,2,1,1,4,3,6,7,16,Transit-Adjacent,Town Center,2014-10-03 18:40:00.000000,2014-10-03 18:40:00.000000
205,WEYMOUTH LANDING/EAST BRAINTREE,Weymouth Landing/ East Braintree,,1,2,1,2,2,1,2,2,2,3,5,7,6,18,Transit-Adjacent,Town Center,2014-10-04 18:40:00.000000,2014-10-04 18:40:00.000000
206,NORTH WILMINGTON,North Wilmington,,1,1,1,1,1,1,1,1,1,1,3,4,3,10,Transit-Adjacent,Other,2014-10-05 18:40:00.000000,2014-10-05 18:40:00.000000
207,WEDGEMERE,Wedgemere,,1,1,2,2,2,2,1,2,2,2,6,5,6,17,Transit-Adjacent,Town Center,2014-10-06 18:40:00.000000,2014-10-06 18:40:00.000000
208,ANDERSON/WOBURN,Anderson/ Woburn,,0,0,0,0,0,0,0,0,0,0,0,0,0,0,,Sub Emp Center,2014-10-07 18:40:00.000000,2014-10-07 18:40:00.000000
209,PLYMOUTH,Plymouth,,2,3,1,1,1,1,3,1,1,1,3,9,3,15,Transit-Adjacent,Town Center,2014-10-08 18:40:00.000000,2014-10-08 18:40:00.000000
210,LOWELL,Lowell,,4,5,1,2,3,2,4,2,2,4,5,15,9,29,Transit-Related,Urban Downtown,2014-10-09 18:40:00.000000,2014-10-09 18:40:00.000000
211,CANTON CENTER,Canton Center,,2,3,2,2,2,1,1,1,1,3,4,8,6,18,Transit-Adjacent,Town Center,2014-10-10 18:40:00.000000,2014-10-10 18:40:00.000000
212,SOUTH ATTLEBORO,South Attleboro,,1,2,1,1,2,1,1,1,2,1,4,5,4,13,Transit-Adjacent,Other,2014-10-11 18:40:00.000000,2014-10-11 18:40:00.000000
213,MANSFIELD,Mansfield,,1,2,1,1,2,1,2,1,1,2,3,6,5,14,Transit-Adjacent,Town Center,2014-10-12 18:40:00.000000,2014-10-12 18:40:00.000000
214,CANTON JUNCTION,Canton Junction,,2,2,2,1,1,1,1,1,1,1,4,6,3,13,Transit-Adjacent,Town Center,2014-10-13 18:40:00.000000,2014-10-13 18:40:00.000000
215,READVILLE,Readville,,2,2,2,2,2,2,2,2,2,2,6,8,6,20,Transit-Adjacent,Town Center,2014-10-14 18:40:00.000000,2014-10-14 18:40:00.000000
216,ROUTE 128,Route 128,,1,1,1,1,1,2,1,2,1,1,4,4,4,12,Transit-Adjacent,Sub Emp Center,2014-10-15 18:40:00.000000,2014-10-15 18:40:00.000000
217,NORTH BEVERLY,North Beverly,,1,2,1,1,1,1,2,1,1,2,3,6,4,13,Transit-Adjacent,Town Center,2014-10-16 18:40:00.000000,2014-10-16 18:40:00.000000
218,WALTHAM,Waltham,,2,4,2,3,3,3,5,2,2,5,6,14,11,31,Transit-Supportive,Urban Downtown,2014-10-17 18:40:00.000000,2014-10-17 18:40:00.000000
219,CONCORD,Concord,,1,1,1,1,1,1,1,1,1,3,3,4,5,12,Transit-Adjacent,Town Center,2014-10-18 18:40:00.000000,2014-10-18 18:40:00.000000
220,LINCOLN,Lincoln,,1,1,2,1,1,1,2,1,1,1,4,5,3,12,Transit-Adjacent,Undeveloped,2014-10-19 18:40:00.000000,2014-10-19 18:40:00.000000
221,HASTINGS,Hastings,,1,1,1,1,1,2,1,1,1,1,3,4,4,11,Transit-Adjacent,Undeveloped,2014-10-20 18:40:00.000000,2014-10-20 18:40:00.000000
222,WAVERLEY,Waverley,,1,1,1,2,2,3,2,2,2,3,5,6,8,19,Transit-Adjacent,Town Center,2014-10-21 18:40:00.000000,2014-10-21 18:40:00.000000
223,LITTLETON/ROUTE 495,Littleton / Rte 495,,1,1,1,1,1,1,1,1,1,1,3,4,3,10,Transit-Adjacent,Undeveloped,2014-10-22 18:40:00.000000,2014-10-22 18:40:00.000000
224,SOUTH ACTON,South Acton,,1,1,1,1,1,1,1,1,1,1,3,4,3,10,Transit-Adjacent,Undeveloped,2014-10-23 18:40:00.000000,2014-10-23 18:40:00.000000
225,WEST CONCORD,West Concord,,2,1,1,1,1,1,1,1,1,3,3,5,5,13,Transit-Adjacent,Town Center,2014-10-24 18:40:00.000000,2014-10-24 18:40:00.000000
226,SILVER HILL,Silver Hill,,1,1,1,1,1,1,1,1,1,1,3,4,3,10,Transit-Adjacent,Undeveloped,2014-10-25 18:40:00.000000,2014-10-25 18:40:00.000000
227,KENDAL GREEN,Kendal Green,,1,1,1,1,1,2,1,1,1,1,3,4,4,11,Transit-Adjacent,Undeveloped,2014-10-26 18:40:00.000000,2014-10-26 18:40:00.000000
228,BRANDEIS/ROBERTS,Brandeis/ Roberts,,1,1,3,2,1,2,4,2,2,1,7,8,4,19,Transit-Adjacent,Sub Emp Center,2014-10-27 18:40:00.000000,2014-10-27 18:40:00.000000
229,BELMONT,Belmont,,1,1,1,2,2,3,1,2,2,2,5,5,7,17,Transit-Adjacent,Town Center,2014-10-28 18:40:00.000000,2014-10-28 18:40:00.000000
230,AYER,Ayer,,3,4,1,1,1,1,3,1,1,2,3,11,4,18,Transit-Adjacent,Town Center,2014-10-29 18:40:00.000000,2014-10-29 18:40:00.000000
231,SHIRLEY,Shirley,,2,2,1,1,1,1,2,1,1,2,3,7,4,14,Transit-Adjacent,Sub Emp Center,2014-10-30 18:40:00.000000,2014-10-30 18:40:00.000000
232,ISLINGTON,Islington,,1,1,2,1,1,2,1,2,2,2,6,4,5,15,Transit-Adjacent,Sub Emp Center,2014-10-31 18:40:00.000000,2014-10-31 18:40:00.000000
233,GREENWOOD,Greenwood,,2,2,2,2,2,2,1,2,2,1,6,7,5,18,Transit-Adjacent,Town Center,2014-11-01 18:40:00.000000,2014-11-01 18:40:00.000000
234,HANSON,Hanson,,1,2,1,1,1,1,1,1,1,1,3,5,3,11,Transit-Adjacent,Undeveloped,2014-11-02 18:40:00.000000,2014-11-02 18:40:00.000000
235,ABINGTON,Abington,,1,1,1,1,1,1,2,1,1,1,3,5,3,11,Transit-Adjacent,Undeveloped,2014-11-03 18:40:00.000000,2014-11-03 18:40:00.000000
236,SHARON,Sharon,,2,2,2,1,1,1,1,1,1,1,4,6,3,13,Transit-Adjacent,Town Center,2014-11-04 18:40:00.000000,2014-11-04 18:40:00.000000
237,NORWOOD CENTRAL,Norwood Central,,2,2,2,2,2,2,2,2,2,4,6,8,8,22,Transit-Related,Urban Downtown,2014-11-05 18:40:00.000000,2014-11-05 18:40:00.000000
238,NORWOOD DEPOT,Norwood Depot,,2,2,2,2,2,2,2,2,2,4,6,8,8,22,Transit-Related,Town Center,2014-11-06 18:40:00.000000,2014-11-06 18:40:00.000000
239,MISHAWUM,Mishawum,,1,1,1,1,1,2,1,2,1,2,4,4,5,13,Transit-Adjacent,Sub Emp Center,2014-11-07 18:40:00.000000,2014-11-07 18:40:00.000000
240,MONTELLO,Montello,,2,4,1,2,2,1,2,2,2,2,5,10,5,20,Transit-Adjacent,Town Center,2014-11-08 18:40:00.000000,2014-11-08 18:40:00.000000
241,CAMPELLO,Campello,,2,5,1,2,2,1,3,2,2,2,5,12,5,22,Transit-Related,Town Center,2014-11-09 18:40:00.000000,2014-11-09 18:40:00.000000
242,MIDDLEBOROUGH/LAKEVILLE,Middleboro/ Lakeville,,2,3,1,1,1,1,3,1,1,1,3,9,3,15,Transit-Adjacent,Undeveloped,2014-11-10 18:40:00.000000,2014-11-10 18:40:00.000000
243,BROCKTON,Brockton,,4,5,2,2,2,1,5,2,2,3,6,16,6,28,Transit-Related,Urban Downtown,2014-11-11 18:40:00.000000,2014-11-11 18:40:00.000000
244,HOLBROOK/RANDOLPH,Holbrook/ Randolph,,1,2,1,1,1,1,1,2,2,1,5,5,3,13,Transit-Adjacent,Town Center,2014-11-12 18:40:00.000000,2014-11-12 18:40:00.000000
245,NEEDHAM JUNCTION,Needham Junction,,3,3,2,1,2,1,1,2,1,2,5,8,5,18,Transit-Adjacent,Town Center,2014-11-13 18:40:00.000000,2014-11-13 18:40:00.000000
246,NEEDHAM CENTER,Needham Center,,2,1,2,1,2,2,1,1,2,4,5,5,8,18,Transit-Adjacent,Town Center,2014-11-14 18:40:00.000000,2014-11-14 18:40:00.000000
247,HERSEY,Hersey,,1,1,1,1,1,2,1,1,1,1,3,4,4,11,Transit-Adjacent,Other,2014-11-15 18:40:00.000000,2014-11-15 18:40:00.000000
248,WEST ROXBURY,West Roxbury,,2,1,2,2,2,2,1,2,2,4,6,6,8,20,Transit-Adjacent,Town Center,2014-11-16 18:40:00.000000,2014-11-16 18:40:00.000000
249,HIGHLAND,Highland,,1,1,2,2,2,2,1,3,2,4,7,5,8,20,Transit-Adjacent,Town Center,2014-11-17 18:40:00.000000,2014-11-17 18:40:00.000000
250,BELLEVUE,Bellevue,,1,1,2,2,3,2,1,2,2,3,6,5,8,19,Transit-Adjacent,Town Center,2014-11-18 18:40:00.000000,2014-11-18 18:40:00.000000
251,ROSLINDALE VILLAGE,Roslindale Village,,2,3,3,3,3,2,2,4,3,4,10,10,9,29,Transit-Related,Town Center,2014-11-19 18:40:00.000000,2014-11-19 18:40:00.000000
252,BEVERLY,Beverly,,2,2,2,2,3,2,3,1,1,4,4,9,9,22,Transit-Related,Urban Downtown,2014-11-20 18:40:00.000000,2014-11-20 18:40:00.000000
253,ATTLEBORO,Attleboro,,2,3,2,1,2,1,4,1,1,3,4,10,6,20,Transit-Adjacent,Urban Downtown,2014-11-21 18:40:00.000000,2014-11-21 18:40:00.000000
254,NEWBURYPORT,Newburyport,,2,2,1,1,1,1,1,1,1,1,3,6,3,12,Transit-Adjacent,Sub Emp Center,2014-11-22 18:40:00.000000,2014-11-22 18:40:00.000000
255,COHASSET,Cohasset,,1,1,1,1,1,1,1,1,1,1,3,4,3,10,Transit-Adjacent,Undeveloped,2014-11-23 18:40:00.000000,2014-11-23 18:40:00.000000
256,HAMILTON/WENHAM,Hamilton/ Wenham,,1,2,2,1,1,1,1,1,1,2,4,5,4,13,Transit-Adjacent,Town Center,2014-11-24 18:40:00.000000,2014-11-24 18:40:00.000000
257,NEEDHAM HEIGHTS,Needham Heights,,1,1,2,2,2,2,1,2,2,3,6,5,7,18,Transit-Adjacent,Town Center,2014-11-25 18:40:00.000000,2014-11-25 18:40:00.000000
258,BRIDGEWATER,Bridgewater,,1,2,2,1,1,1,2,1,1,1,4,6,3,13,Transit-Adjacent,Town Center,2014-11-26 18:40:00.000000,2014-11-26 18:40:00.000000
259,WEST HINGHAM,West Hingham,,2,1,2,1,1,1,1,2,2,1,6,5,3,14,Transit-Adjacent,Undeveloped,2014-11-27 18:40:00.000000,2014-11-27 18:40:00.000000
260,EAST WEYMOUTH,East Weymouth,,1,1,1,1,2,1,1,2,2,2,5,4,5,14,Transit-Adjacent,Town Center,2014-11-28 18:40:00.000000,2014-11-28 18:40:00.000000
261,CHELSEA,Chelsea,,4,5,3,4,4,3,5,2,3,3,8,18,10,36,Transit-Supportive,Urban Downtown,2014-11-29 18:40:00.000000,2014-11-29 18:40:00.000000
262,WALPOLE,Walpole,,1,1,1,1,1,1,1,2,1,2,4,4,4,12,Transit-Adjacent,Town Center,2014-11-30 18:40:00.000000,2014-11-30 18:40:00.000000
263,ROWLEY,Rowley,,1,1,1,1,1,1,1,1,1,1,3,4,3,10,Transit-Adjacent,Undeveloped,2014-12-01 18:40:00.000000,2014-12-01 18:40:00.000000
264,SALEM,Salem,,2,2,2,2,3,2,3,2,2,5,6,9,10,25,Transit-Related,Urban Downtown,2014-12-02 18:40:00.000000,2014-12-02 18:40:00.000000
265,SWAMPSCOTT,Swampscott,,2,3,2,2,3,1,2,2,2,2,6,9,6,21,Transit-Related,Town Center,2014-12-03 18:40:00.000000,2014-12-03 18:40:00.000000
267,FOUR CORNERS/ MOUNT BOWDOIN (FAIRMONT),Four Corners/Geneva Avenue,,0,0,0,0,0,0,0,0,0,0,0,0,0,0,,Subway,2014-12-04 18:40:00.000000,2014-12-04 18:40:00.000000
268,TALBOT AVE (FAIRMONT),Talbot Avenue,,0,0,0,0,0,0,0,0,0,0,0,0,0,0,,Subway,2014-12-05 18:40:00.000000,2014-12-05 18:40:00.000000
269,BLUE HILL AVE (FAIRMONT),Blue Hill Ave,,0,0,0,0,0,0,0,0,0,0,0,0,0,0,,Subway,2014-12-06 18:40:00.000000,2014-12-06 18:40:00.000000
270,RIVER ST (FAIRMONT),Blue Hill Ave @ Mattapan Sq,,3,4,2,3,3,2,3,5,3,1,10,13,6,29,Transit-Related,Trolley,2014-12-07 18:40:00.000000,2014-12-07 18:40:00.000000
272,UNION SQ (GLX),Union Square,,0,0,0,0,0,0,0,0,0,0,0,0,0,0,,Subway,2014-12-08 18:40:00.000000,2014-12-08 18:40:00.000000
273,GILMAN SQ (GLX),Gilman Square,,0,0,0,0,0,0,0,0,0,0,0,0,0,0,,Subway,2014-12-09 18:40:00.000000,2014-12-09 18:40:00.000000
274,LOWELL ST (GLX),Lowell Street,,0,0,0,0,0,0,0,0,0,0,0,0,0,0,,Subway,2014-12-10 18:40:00.000000,2014-12-10 18:40:00.000000
276,COLLEGE AVE (GLX),College Avenue,,0,0,0,0,0,0,0,0,0,0,0,0,0,0,,Subway,2014-12-11 18:40:00.000000,2014-12-11 18:40:00.000000
275,BALL SQ (GLX),Ball Square,,0,0,0,0,0,0,0,0,0,0,0,0,0,0,,Subway,2014-12-12 18:40:00.000000,2014-12-12 18:40:00.000000
277,RTE 16 (GLX),Mystic Valley Parkway/Route 16,,0,0,0,0,0,0,0,0,0,0,0,0,0,0,,Trolley,2014-12-13 18:40:00.000000,2014-12-13 18:40:00.000000
278,FOXBORO (SPL EVT),Walpole,,1,1,1,1,1,1,1,2,1,2,4,4,4,12,Transit-Adjacent,Sub Emp Center,2014-12-14 18:40:00.000000,2014-12-14 18:40:00.000000
279,NORTH EASTON (SOCO RAIL),Stoughton,,2,3,1,1,2,1,2,1,1,4,3,8,7,18,Transit-Adjacent,Undeveloped,2014-12-15 18:40:00.000000,2014-12-15 18:40:00.000000
280,RAYNHAM (SOCO RAIL),Bridgewater,,1,2,2,1,1,1,2,1,1,1,4,6,3,13,Transit-Adjacent,Undeveloped,2014-12-16 18:40:00.000000,2014-12-16 18:40:00.000000
281,DEAN ST (SOCO RAIL),Bridgewater,,1,2,2,1,1,1,2,1,1,1,4,6,3,13,Transit-Adjacent,Undeveloped,2014-12-17 18:40:00.000000,2014-12-17 18:40:00.000000
282,EAST TAUNTON (SOCO RAIL),Middleboro/ Lakeville,,2,3,1,1,1,1,3,1,1,1,3,9,3,15,Transit-Adjacent,Undeveloped,2014-12-18 18:40:00.000000,2014-12-18 18:40:00.000000
283,ASSEMBLY SQUARE,Assembly Square,,0,0,0,0,0,0,0,0,0,0,0,0,0,0,,Subway Transformational,2014-12-19 18:40:00.000000,2014-12-19 18:40:00.000000
284,NEWMARKET,Newmarket,,0,0,0,0,0,0,0,0,0,0,0,0,0,0,,Subway Transformational,2014-12-20 18:40:00.000000,2014-12-20 18:40:00.000000
285,CHARLESTOWN NAVY YARD,Charlestown Navy Yard,,0,0,0,0,0,0,0,0,0,0,0,0,0,0,, ,2014-12-21 18:40:00.000000,2014-12-21 18:40:00.000000
286,FITCHBURG,Fitchburg,,3,5,1,1,3,1,4,1,1,3,3,13,7,23,Transit-Related, ,2014-12-22 18:40:00.000000,2014-12-22 18:40:00.000000
287,FORE RIVER SHIPYARD,"Fore River Shipyard,Quincy",,0,0,0,0,0,0,0,0,0,0,0,0,0,0,, ,2014-12-23 18:40:00.000000,2014-12-23 18:40:00.000000
289,GRAFTON,Grafton,,0,0,0,0,0,0,0,0,0,0,0,0,0,0,, ,2014-12-24 18:40:00.000000,2014-12-24 18:40:00.000000
290,HINGHAM SHIPYARD,"Hewitt's Cove,Hingham",,0,0,0,0,0,0,0,0,0,0,0,0,0,0,, ,2014-12-25 18:40:00.000000,2014-12-25 18:40:00.000000
291,NORTH LEOMINSTER,North Leominster,,1,3,1,1,1,1,1,1,1,1,3,6,3,12,Transit-Adjacent, ,2014-12-26 18:40:00.000000,2014-12-26 18:40:00.000000
292,"PEMBERTON POINT,HULL","Pemberton Point,Hull",,0,0,0,0,0,0,0,0,0,0,0,0,0,0,, ,2014-12-27 18:40:00.000000,2014-12-27 18:40:00.000000
293,WORCESTER / UNION STATION,Worcester / Union Station,,3,5,2,2,2,2,5,2,2,4,6,15,8,29,Transit-Related, ,2014-12-28 18:40:00.000000,2014-12-28 18:40:00.000000
294,325 WASHINGTON AVE,325 Washington Ave,,3,4,3,3,3,3,3,3,3,2,9,13,8,30,Transit-Related, ,2014-12-29 18:40:00.000000,2014-12-29 18:40:00.000000
295,618 PARK AVE,618 Park Ave,,2,3,2,3,3,3,2,2,3,1,7,10,7,24,Transit-Related, ,2014-12-30 18:40:00.000000,2014-12-30 18:40:00.000000
296,735 HYDE PARK AVE,735 Hyde Park Ave,,2,3,3,2,2,2,2,3,3,1,9,9,5,23,Transit-Related, ,2014-12-31 18:40:00.000000,2014-12-31 18:40:00.000000
297,BELMONT ST @ SCHOOL ST,Belmont St @ School St,,2,1,2,3,3,3,2,3,3,2,8,8,8,24,Transit-Related, ,2015-01-01 18:40:00.000000,2015-01-01 18:40:00.000000
298,BLUE HILL AVE @ WALES ST,Blue Hill Ave @ Wales St,,4,5,3,3,3,3,4,5,3,1,11,16,7,34,Transit-Supportive, ,2015-01-02 18:40:00.000000,2015-01-02 18:40:00.000000
299,BOWDOIN ST @ WINTER ST,Bowdoin St @ Winter St,,4,5,3,3,4,3,4,3,3,4,9,16,11,36,Transit-Supportive, ,2015-01-03 18:40:00.000000,2015-01-03 18:40:00.000000
300,BROADWAY @ BEACH ST,Broadway @ Beach St,,2,4,3,3,3,3,2,2,3,2,8,11,8,27,Transit-Related, ,2015-01-04 18:40:00.000000,2015-01-04 18:40:00.000000
301,BROADWAY @ MOUNTAIN AVE,Broadway @ Mountain Ave,,2,4,3,3,3,3,2,2,3,2,8,11,8,27,Transit-Related, ,2015-01-05 18:40:00.000000,2015-01-05 18:40:00.000000
302,CENTRAL AVE @ BROADWAY,Central Ave @ Broadway,,2,4,3,3,3,3,2,2,3,4,8,11,10,29,Transit-Related, ,2015-01-06 18:40:00.000000,2015-01-06 18:40:00.000000
304,HYDE PARK AVE @ DELLMORE RD,Hyde Park Ave @ Dellmore Rd,,2,4,3,3,3,3,2,5,3,2,11,11,8,30,Transit-Related, ,2015-01-07 18:40:00.000000,2015-01-07 18:40:00.000000
305,MASSACHUSETTS AVE @ ACADEMY ST,Massachusetts Ave @ Academy St,,3,3,2,3,3,3,2,3,3,5,8,11,11,30,Transit-Related, ,2015-01-08 18:40:00.000000,2015-01-08 18:40:00.000000
306,MASSACHUSETTS AVE @ GLADSTONE ST,Massachusetts Ave @ Gladstone St,,3,3,3,3,4,3,3,4,3,3,10,12,10,32,Transit-Supportive, ,2015-01-09 18:40:00.000000,2015-01-09 18:40:00.000000
307,MASSACHUSETTS AVE @ WYMAN TERR,Massachusetts Ave @ Wyman Terr,,2,2,3,3,3,3,3,5,3,3,11,10,9,30,Transit-Related, ,2015-01-10 18:40:00.000000,2015-01-10 18:40:00.000000
308,MASSACHUSETTS AVE OPP DANIELS ST,Massachusetts Ave opp Daniels St,,2,2,2,2,3,2,1,4,2,2,8,7,7,22,Transit-Related, ,2015-01-11 18:40:00.000000,2015-01-11 18:40:00.000000
309,MT AUBURN ST @ ABERDEEN AVE,Mt Auburn St @ Aberdeen Ave,,2,1,3,3,2,4,2,4,3,2,10,8,8,26,Transit-Related, ,2015-01-12 18:40:00.000000,2015-01-12 18:40:00.000000
310,MT AUBURN ST @ BAILEY RD,Mt Auburn St @ Bailey Rd,,2,2,2,3,3,3,2,3,3,2,8,9,8,25,Transit-Related, ,2015-01-13 18:40:00.000000,2015-01-13 18:40:00.000000
311,MT AUBURN ST @ LLOYD RD,Mt Auburn St @ Lloyd Rd,,2,2,2,3,3,3,3,4,3,4,9,10,10,29,Transit-Related, ,2015-01-14 18:40:00.000000,2015-01-14 18:40:00.000000
312,MT AUBURN ST OPP WILLARD ST,Mt Auburn St opp Willard St,,4,3,4,4,3,4,3,5,4,4,13,14,11,38,Transit-Supportive, ,2015-01-15 18:40:00.000000,2015-01-15 18:40:00.000000
313,N HARVARD ST @ GATE 2 HARVARD STADIUM,N Harvard St @ Gate 2 Harvard Stadium,,5,5,4,4,2,4,5,5,4,3,13,19,9,41,Transit-Oriented, ,2015-01-16 18:40:00.000000,2015-01-16 18:40:00.000000
314,SAGAMORE AVE @ GARFIELD AVE,Sagamore Ave @ Garfield Ave,,3,4,2,3,3,3,3,2,3,3,7,13,9,29,Transit-Related, ,2015-01-17 18:40:00.000000,2015-01-17 18:40:00.000000
315,SEAVER ST OPP ELM HILL AVE,Seaver St opp Elm Hill Ave,,5,5,4,4,3,3,5,4,4,2,12,19,8,39,Transit-Supportive, ,2015-01-18 18:40:00.000000,2015-01-18 18:40:00.000000
316,TRAPELO RD @ WALNUT ST,Trapelo Rd @ Walnut St,,1,1,1,2,3,3,2,3,2,2,6,6,8,20,Transit-Adjacent, ,2015-01-19 18:40:00.000000,2015-01-19 18:40:00.000000
317,TREMONT ST OPP TREMONT PL,Tremont St opp Tremont Pl,,2,1,3,3,3,3,2,3,3,2,9,8,8,25,Transit-Related, ,2015-01-20 18:40:00.000000,2015-01-20 18:40:00.000000
318,WARREN ST @ BRUNSWICK ST,Warren St @ Brunswick St,,5,5,4,4,4,4,5,4,4,4,12,19,12,43,Transit-Oriented, ,2015-01-21 18:40:00.000000,2015-01-21 18:40:00.000000
319,WARREN ST @ WAVERLY ST,Warren St @ Waverly St,,4,5,3,3,4,4,4,4,5,2,12,16,10,38,Transit-Supportive, ,2015-01-22 18:40:00.000000,2015-01-22 18:40:00.000000
320,WASHINGTON ST @ BACON ST,Washington St @ Bacon St,,2,2,2,3,3,3,2,5,3,4,10,9,10,29,Transit-Related, ,2015-01-23 18:40:00.000000,2015-01-23 18:40:00.000000
321,WASHINGTON ST @ LAKE ST,Washington St @ Lake St,,2,1,3,3,3,3,3,3,3,4,9,9,10,28,Transit-Related, ,2015-01-24 18:40:00.000000,2015-01-24 18:40:00.000000
322,WINTHROP FERRY,0,,0,0,0,0,0,0,0,0,0,0,0,0,0,0,, ,2015-01-25 18:40:00.000000,2015-01-25 18:40:00.000000
323,NEW BRIGHTON LANDING,0,,0,0,0,0,0,0,0,0,0,0,0,0,0,0,, ,2015-01-26 18:40:00.000000,2015-01-26 18:40:00.000000
324,FREETOWN (SOCO RAIL), ,,0,0,0,0,0,0,0,0,0,0,0,0,0,0,, ,2015-01-27 18:40:00.000000,2015-01-27 18:40:00.000000
325,FALL RIVER (SOCO RAIL), ,,0,0,0,0,0,0,0,0,0,0,0,0,0,0,, ,2015-01-28 18:40:00.000000,2015-01-28 18:40:00.000000
326,BATTLESHIP COVE (SOCO RAIL), ,,0,0,0,0,0,0,0,0,0,0,0,0,0,0,, ,2015-01-29 18:40:00.000000,2015-01-29 18:40:00.000000
327,NEW BEDFORD (SOCO RAIL), ,,0,0,0,0,0,0,0,0,0,0,0,0,0,0,, ,2015-01-30 18:40:00.000000,2015-01-30 18:40:00.000000
328,WAREHAM (CAPE RAIL), ,,0,0,0,0,0,0,0,0,0,0,0,0,0,0,, ,2015-01-31 18:40:00.000000,2015-01-31 18:40:00.000000
329,HYANNIS (CAPE RAIL), ,,0,0,0,0,0,0,0,0,0,0,0,0,0,0,, ,2015-02-01 18:40:00.000000,2015-02-01 18:40:00.000000
330,SOUTH SALEM (PROPOSED), ,,0,0,0,0,0,0,0,0,0,0,0,0,0,0,, ,2015-02-02 18:40:00.000000,2015-02-02 18:40:00.000000
271,BRICKBOTTOM (GLX),Brickbottom,,0,0,0,0,0,0,0,0,0,0,0,0,0,0,,Subway Transformational,2015-02-03 18:40:00.000000,2015-02-03 18:40:00.000000
